dim1;dim2;class
-0,607256284615586339;0,362313979950798448;1
-0,775582920145669652;0,280381384010677470;8
0,440497067462012615;-1,273981187038716545;9
0,228730035757693601;-0,147727257220100217;5
0,221541245779869833;0,117971210406040403;6
0,223763059317266644;1,340902565405465596;2
0,251956939639151112;-1,156461087383152897;7
0,348836409079126997;-1,357141078407958501;7
0,355713802237144938;2,304350187829690810;1
0,205593660463562838;0,673839629213121571;6
0,195244354796390851;0,079501728990002685;5
0,417085437995407315;0,037230330620235147;5
-0,100077139168291418;0,215139540250957079;8
-1,420417480073884242;0,780590709358313317;2
0,461207189572389487;0,216451707278264377;5
-0,528099820472233583;0,221064517606039096;8
0,289388624413656925;0,230742350246341710;0
-0,774968322681714561;0,232842047044308026;8
0,228698375061217291;-1,165586442349356711;4
0,038761087708626706;0,062447203826048105;0
-0,222174330275022175;1,793407562304844216;1
-0,516306708370333767;0,714391045615928699;8
0,063705504758361522;0,138981389544949208;0
0,195283156844458405;0,354558612581186594;3
1,918618145182086510;2,017697923074101674;1
0,102064223246792873;0,563009446049817064;8
0,064003979914826606;0,194606721787699694;3
-1,625415061368953085;1,931050911681259752;1
0,133848895852137495;0,154009336182801271;5
0,138298874910338904;0,148714950149959113;0
2,312645694337065905;2,376838982008673717;1
0,466776554502734420;-1,055628523558498566;4
0,069900198003537695;0,192312576989578710;3
0,103777770680078735;0,116390003802128716;0
0,359973321643052402;-1,112849426488530691;7
0,523052472599659923;1,004715929903859273;8
0,158433041417879228;0,220796831370365265;5
0,684772395827243141;-0,956984010138947183;9
-0,045484716703856738;0,025156915779573883;0
0,606086643751435172;0,748483628342170193;3
-0,083917882818943287;-0,363402212040553396;8
0,027340587368309487;-1,386722504225677222;9
-4,309241017053206946;1,085529757498129744;1
0,104320213529351766;0,302980583103287293;5
0,190471362765863628;0,128433734015735906;5
0,177760986597539611;-1,248968199880195584;4
0,839411092057707808;-0,374894511470278136;7
-0,067336287665094210;-0,253139110335237782;2
0,014611965552625535;0,144783006061033309;0
-0,251601695560020933;0,500129391585957372;8
-0,071159303176132213;0,967938631735726362;8
0,404350960926371183;-1,301952979317991366;9
0,512021620704316227;-0,833025220963375057;7
-1,179056420096454172;-0,676554355984550271;4
-1,029099959872103121;0,848979391025277086;2
-0,116107142595926457;0,473102085214984369;8
0,117196886139570258;0,177203151173071144;5
0,023773155232722932;0,064609916827745931;0
0,126135961879175224;-1,470290736175310808;9
-3,222116533087042711;1,336765404238799304;1
0,446149217513788166;-1,220019765827541347;4
0,163690505711160200;0,035670743635053813;0
0,135116338318217039;-0,022412487960566822;0
0,171304497279109041;0,143508209341747406;0
0,197725937112889855;-0,029498580034974103;5
-0,352171279590693720;0,370599356922297007;8
0,377133215217888007;-1,435911476954170318;9
0,068663340498599609;0,230987750334269409;3
0,346680748070250289;-0,908847258870931873;4
2,677601152742727031;2,338576774662517899;1
0,308116748043705424;-1,668958127973214189;7
-0,065051912239593238;-0,006458156791949854;2
-1,111588135632275209;-0,013383912039751615;8
-0,255753405844733772;-1,240324470811294377;4
0,086461875010943018;0,315379152102073901;6
-0,224023993653546444;-1,501888484712500249;7
0,207155212217535162;-1,208439821479254217;9
0,178028610967925438;0,143468233925169109;5
-0,033560948089509428;0,287692567871798810;3
-0,345734636054452815;2,153278767127241533;1
0,127819994925504776;0,558978035012565155;6
-0,148169893793922314;0,230925974918180177;0
0,116561766537849873;0,230094016281284647;5
1,862492562938042440;2,253185037804700919;1
0,134246062325275528;0,475893033997530912;6
0,123445292588758623;0,174086918680280173;5
-0,807301061401083819;-0,316053021441009996;8
-0,479189015557016373;-0,051801540339481159;7
-0,302835323777730647;-1,076971668870873033;7
0,220816727201749163;0,126337002148689315;6
1,046213376882128454;2,105452431121090040;1
0,228265535855074919;-1,625363283338605802;7
-0,002827740229353344;2,479697527076687003;1
-0,300660198034214565;0,380918393474000638;2
3,698812762558471690;2,221159701020748223;1
0,139526877865973009;0,133250343762454565;0
0,539366016388452274;-1,235382632930632330;4
-0,550830836583074746;-0,009735795196735269;8
1,329613634888020313;0,488384531781859532;9
0,139312524555250006;0,130713427007969174;0
0,164544589870559949;0,505777306569158980;6
0,156240767615363568;0,097514676294396085;0
-0,179120245594863947;0,096340063525634317;3
0,040690684575445245;0,042731312489793678;5
0,231509007551298190;0,075099503000447543;6
-0,118295070673829231;0,255915267360592502;3
0,503934649427061454;-1,346318957280471906;9
-0,042280504620588494;0,100646097424519659;8
0,477974288215080423;-0,772523677991294955;4
0,163057474001696484;0,322940316037249431;6
-3,586768915257583679;1,309842586701676970;1
0,104450457856589907;-0,117230630146392012;8
0,317481693895188544;-1,451166785237697487;9
0,105139092600290043;0,135972517086837080;0
2,738445937778926975;2,209363234304872137;1
0,673718813214720269;-1,090526393015902817;9
0,429250011699584932;-1,451954706033565579;9
0,435563420113400157;-1,098942181837543552;9
0,289965466557738083;-1,443351891969481660;9
0,106235530414382134;0,271027858562118640;3
-2,479619352411446709;0,648819783557883834;2
0,462143730202530523;-1,170425652301590125;4
-0,178087159949641416;-0,968108744651477782;4
0,198705606581524197;0,365285539752074784;6
-0,100115459661239997;0,185982760036185607;0
0,228974750630275142;-0,178895460111348881;5
-0,242606123917009947;0,225339207834259064;3
-0,187413075891323139;-0,425865428883642705;8
-0,935074704298664794;0,352789637305925219;8
-0,230237873916149027;0,272976872298742623;5
-2,998191896368578746;1,557869561141481229;1
0,565724163399441538;2,218984017267154663;1
0,048795771737191414;0,084160275340213822;0
-0,170863333514368138;-1,224179919488093793;4
2,544140735086031224;2,223044459286196872;1
0,441497105817016622;-1,063074572328332135;4
-0,254753533969184709;0,763911240154681703;2
-0,040149648524104117;-1,533971076709081505;9
0,023277793920843174;0,217277712368886544;3
0,705480812117853517;-1,252786397326172585;9
-0,485847276356420554;0,191217130587326561;2
-0,059137202274581101;-1,229381141329239480;4
-0,013532838123991527;-1,405011438293547910;9
0,283395412734386898;-0,193147594934537203;6
0,056537456364475998;0,220421807963031569;0
0,450709150268010061;-1,008810418335659431;7
0,016951205715506339;0,448620210249394191;8
-0,109741932401701076;0,252688132822192879;8
0,258949376520577423;-1,462625728026478056;9
0,101775759618670039;0,251356054933510986;8
0,160309128167709786;0,115997688935065207;0
0,424201180076523965;-1,000716317582943882;7
0,185252766535267843;0,125404915248875259;0
1,704150160311209472;2,061996739419481361;1
-0,327090096120615903;0,688208837466233070;6
0,051192045053508002;-0,088396430637162182;8
0,232484995149852769;0,486107671941666653;6
-0,695677634531833400;-0,923727989745835809;9
0,208587899341377947;0,212713302915055941;6
0,522834215099839739;-0,036997018866069792;7
1,110968333116158835;-0,539721063014474423;9
0,043120719512440384;0,704896707395950783;6
-4,354274467034509044;0,792116508985619694;1
-1,103798814310448462;2,101828764659904092;1
0,157643633194700789;0,216429043601395810;5
0,519631289039590438;2,489434566402897175;1
0,227925464536013311;0,109872591936430605;6
0,040885077913241634;0,114461477124416830;0
0,186601752790505143;0,134058139217501648;5
0,349804229507806874;0,319743882689902392;6
0,070842451310203225;0,035766136587339223;8
0,046038400353738358;0,207052093082591315;0
0,444584387084799249;-1,299745048194053121;9
-0,213189771976694448;-0,621273421184750152;3
-0,533829653585825459;-1,102014761009667776;9
0,184676944449733121;0,196006574406329986;6
0,114940479262383558;0,139102892328028777;0
0,052407269279953476;0,141224732025103189;0
1,901588116995517330;1,723898462948093346;8
0,193904508245664020;0,190208805216622784;6
0,041651579918765530;0,125524979525165059;3
0,609120008996406503;-1,185507549989793352;7
1,199071459328991063;2,130685739162922587;1
-0,099851922255611583;0,547026573760570622;8
0,312195736286230152;0,409667369116833879;3
0,302518394339311936;-1,464685249467824191;9
0,197229745651226751;0,139058653613847866;0
0,130242583434064613;-1,330255520565573502;9
-0,097328787502231326;-0,052436968599027266;5
-1,204884769987756510;-0,852426706250684951;4
-0,049157982743982032;0,494815071940978235;8
0,619976527457606341;0,272609729397903400;8
-0,509373486561024769;0,229128018257264560;2
-0,310685957634975363;0,358590437678751373;3
0,166066977977542163;0,102170162092930825;3
0,473980680280574107;-1,364794937684325360;9
0,285701437538213532;0,206927821265681045;5
-0,436491943061666277;-0,121898437389064987;2
-0,403617132655176292;0,297642577571866518;8
-0,430025630638957823;0,647148043607796208;2
-0,199422730565333467;-0,175865023048195096;8
0,419854781417992873;-0,466488997083920165;4
0,047437020669324523;0,063032970141404021;5
2,304199680598618905;2,114586191111946789;1
0,527513094409618355;-1,001619733027304449;5
-0,225999737922198823;-0,343003016169786956;2
1,875374061412877991;2,401058711761205888;1
-0,514664949794328863;0,109912787007931792;2
0,377583298303307446;0,337270739231629701;8
0,032934853767535986;0,589986342388226004;6
0,206379268423970197;0,635681974635677882;6
0,683221745600241515;-0,846127310906056418;4
-1,208426815365112761;0,156879457343011369;8
-0,306916007326840934;-0,874457119716091080;4
0,366126815266029138;-0,170021060788035083;6
-0,343434164202195524;0,459735273814850964;3
2,122078863104614133;2,312838166161300446;1
0,794194579316647054;2,126787481687392400;1
-0,087177314405226594;1,066747253184373800;6
0,560811617556377762;-0,996899087859929978;4
0,072484899155770902;0,128094040692269956;5
0,068060593412087991;0,196163170200166631;8
0,027044710743091265;0,587535684675064562;6
0,055678280361942799;0,111576102295974658;0
-0,362627395971771849;0,426812605424545521;2
0,035858731471071610;0,432222398924318907;2
-0,318558399330467090;-0,513694684773515542;8
-0,169872083992835571;-0,093732139589538854;8
0,717687232936307984;-0,990372722117717541;9
0,085559284161481550;0,168103445968451282;0
2,361457994128367321;2,244052970423022320;1
-0,316780654531611749;-1,471691339639718654;7
0,188363704774989538;0,495858309834470046;6
-0,357333516254850714;-1,360198285969006493;7
0,040959804638618015;-1,152586020846008807;4
0,237753083097099499;-0,400962794391602262;8
-2,524179555473129000;1,647940266608727722;1
0,029487578683877677;-0,913225416734552153;4
-0,260206792928811381;0,352337586590898866;2
0,055657249225227336;0,381680361407880697;6
-0,508075913309305793;0,386585789439550742;2
-0,119545418796784611;0,239760152009653643;3
0,474174657253165321;0,724212430927963169;5
0,104547836087844223;0,491856276060838205;6
-0,663707351867077522;-0,940301671251445592;4
0,222624982968442076;-1,392867805356905686;9
1,643104318920036944;0,701343835756513156;7
-0,740124688396542774;-0,905711852155572927;9
0,102081895701600783;0,179789493930489375;3
1,039896913614953622;0,154187899149409419;4
0,118092644068094485;-1,506393874274307709;7
0,586811840518105310;0,210618862598558831;5
1,063812505181104484;1,452434045607257973;3
0,285041449454587981;-1,671464345598064893;7
0,202265619220119625;-1,301762892790208070;4
0,546327614314227938;0,434647402484561129;5
-0,703451696456151909;0,019355045992187726;5
-0,911471770879051513;1,158778543880719658;2
-0,840117111042676501;-0,009829620843734779;8
-0,185272973559743898;0,761344651364894487;2
0,675032619056391447;0,881604471437540615;8
0,151715616923195490;-1,450573802291533099;9
0,217814304046414997;0,124762571375150483;6
0,435921503735330340;-1,167627132191257022;4
-0,394037147986847136;0,305048230756992167;2
0,646645735943798372;-0,863847623895383721;4
0,303901472292523234;-1,584058193622711386;9
-0,988764581537435183;0,332595836248709253;2
0,408449509999530003;-1,275774007166373014;9
0,211145120772706002;-1,531295062326182288;9
0,677622613524734518;-0,938041440969102025;9
0,246224871606300882;-1,688902842951754968;7
0,074092173326954169;0,297994943092242670;8
-0,003527783267909728;-1,179105853743414256;4
2,938768155365432122;2,315638697752878006;1
-0,773442535878309689;-0,209450495438894518;8
-0,479639238770362963;0,068006537287691335;8
-1,098651296250128917;2,020670099600839986;1
0,469705359463524930;-1,319134516817388914;9
0,252607393953162007;-0,026184162258830614;3
0,036881810846424605;-0,134817520761880777;8
0,689435176448062292;-0,353729873651970450;4
0,141622059015824808;0,645625580931668774;6
0,216753634514051302;0,115179275301959233;6
0,209851223204974957;-0,534247447859304225;4
-1,550094242758047081;-0,356485154079769273;4
-1,856372142501453881;0,813966671502990624;7
-0,562955948030457232;0,175028168828314457;2
-1,178142289223758077;1,954066615566182552;1
-0,718379386754383731;0,579040224420741434;2
-0,273665351838253135;0,100614370012843055;8
0,204699476750905718;0,534043536292397092;8
-1,415090535959721896;0,604134067982511902;2
0,213384796275586680;-1,519414821444879493;7
0,142071362367213128;0,020174347631117723;0
0,307528763054095711;-1,356611391595072380;9
-0,016286464765526365;0,407837183723853192;8
0,186879023189481186;0,339896202152297100;5
0,309813502200648072;-0,909917547303895069;4
0,489208501862426759;-1,223874907130898748;9
0,162931171310674167;-1,342615000925440505;4
0,507049147729296767;-1,060487879026228875;4
-0,111678897255166859;0,086379969623694555;5
0,160964376745941135;0,474973069431041228;6
-0,085953322339791388;0,087581076562012208;3
-4,304655910370369654;1,048804340892598219;1
0,505950193499836831;0,217158765457506120;3
0,809658855809284206;1,115879728896368883;8
0,211574019076060105;0,225591496022214760;8
-0,938497541830050963;-0,849654311825577269;4
-0,143067611691949870;-1,150798723598078777;4
1,299792417526919097;1,094203692837455222;3
0,090699777170783646;-1,528899337419214799;9
0,437761048649422835;-1,135384681279592245;4
-1,090586338787210563;-0,512967224395030397;4
0,742316662017226570;-0,802624646608060099;4
-0,736410925024786334;0,042145796389168919;2
0,340393137167190496;-1,430264948159632343;7
2,927378313789315456;2,244201152311943392;1
0,378101365299086445;-1,376616855527440064;9
0,123413812584904276;0,136269392914350168;0
0,107887999321909664;0,090725523023523796;0
-0,627707217504185455;0,200164973617926401;8
0,453197595087342697;0,802018562008909086;8
0,075739793620701171;-1,420645337726134327;9
0,187727639265679286;0,163276174609918862;0
-0,351861289566484325;-0,199199748661731568;2
1,148004329561366221;2,441549978726585302;1
0,147542091728606217;0,087730039257268647;5
-1,554889701732022456;0,916587540719824290;8
0,109824896253378559;0,528647581986318005;2
-0,029338306603192602;-1,716672498398616353;7
-0,436087218280136413;0,120614111802361729;8
-0,144685184079874740;-1,503698507473883117;7
0,158778995876272144;0,163440129498100384;0
0,198724634752965368;0,164367034561653247;0
0,066575579310642077;0,249925928856825130;8
-0,022549094899312689;-1,209532136767291099;7
-0,754909173063098793;2,307836348810733185;1
0,316739692320067268;-1,472162361054752289;7
0,522448437257665210;1,196137065428951152;6
0,035047965229704083;0,299538010645080510;5
-0,067560101737885236;0,119119902908573508;5
0,214159217305219890;-1,293334416188803404;9
2,064499340281809481;2,204799017992677967;1
-3,763132958416495644;1,296275778872971296;1
-0,257579231776389805;2,441749814473860081;1
0,098948098576452440;0,489293803857214882;6
0,233422994687368435;0,269770482242087606;3
0,142997007623961531;-1,579446566390913631;7
2,303159184517940439;2,111734712344991660;1
2,110090835279288424;2,366984699477562071;1
0,249834924439649358;-1,695610288893990569;7
-0,246225996901862726;0,380777373655452611;3
0,166619663008041902;0,403841648377102180;6
2,668819894609196997;2,309056807757801533;1
0,574206849881128467;0,352043034542802613;5
0,021952111325979573;0,716078822602997933;6
1,723437331038269793;2,087894348491591945;1
0,027644575241247613;0,158629425529844104;8
-0,364398705201778972;-1,342565952708461685;9
0,048788447570695191;0,646727547184692608;8
-0,452111420792890739;0,366929161215424182;2
0,057643153517068987;0,034825640125301489;5
0,180637427964456337;0,404822503161261615;6
0,175054217703717957;0,359585179957001511;6
-0,035682281419906904;0,434550358249340740;8
0,044456728677757296;0,294519872508144653;8
0,435648439804028065;-1,368935255603650925;7
0,056264763527936724;-1,328270193926231579;4
0,203072632497120625;-0,138639693796100194;5
-1,106832330261270592;-0,674487558733423365;4
0,255680374733668836;-0,013686080102392259;6
0,043682806695392914;-0,023618728524873213;0
0,181400041217812641;0,378051268653771089;6
0,263355544820498666;0,199536056411167395;5
0,191745938646332326;-1,173845226738067238;4
0,232723129099057791;0,166907493501575549;5
0,337852550167934584;0,461740790255818712;3
0,157219339837984390;0,242137052302029615;8
0,398043787682551331;-1,375213889313165572;9
0,145807905720718972;0,171722869941964451;5
0,003540477270096001;0,448883254059724401;8
-0,195091513000843014;-1,218487183793004469;4
0,182061851544033898;0,138039727163844328;0
0,428484491774174914;-1,190909482756074667;4
0,242997945069247018;-0,343663985055990773;5
0,215993688590001343;0,080209512346121906;6
-0,064860414883821535;0,132932300309031526;2
0,151955840137788872;0,107687283247046045;0
0,302482828343259236;0,455607438970837053;9
2,547995494337568001;2,350853618095490649;1
3,444011096050774601;2,234110715080884102;1
0,167251522536603081;-1,356372237122236424;7
-0,238479913797678605;-1,546471312140954124;7
0,417970964734912354;-1,455030428936087583;9
0,023181062141312055;-0,663435873762791561;8
0,043702153246647259;0,531895192353901036;6
0,052196829863322719;0,313521370434913849;3
-0,053567806177809263;0,146765153495878403;3
0,441017641104251790;-1,235077901462837913;7
0,191181940471281703;0,552286194461302560;8
0,331044217660083850;0,460140176594491412;5
-0,569568818515832964;-0,790263828559502612;7
-1,986729776049129592;-0,153537484360569881;7
-1,191391733944699771;0,616646842727709754;6
0,199327837424231963;0,357438486613879669;5
0,057558302995621272;0,337560460867123879;3
0,494537557295471997;-1,024181354403075561;9
0,375050355087332143;0,296950294811244853;3
0,074297414134633574;-1,547731234408484813;9
-0,816749976684494339;0,306365257506066524;8
1,979124127129465505;2,278162349624959226;1
-0,158061817371551450;-0,132258997002623252;8
-0,160206920067388681;0,009844864084201795;3
-0,483191982262611952;0,525243975740064761;2
0,363956100837101004;-1,218121154749860491;4
1,845003915095211999;0,930876076016888043;7
0,593593080883525803;0,642939630186974198;3
0,394202337156485894;-1,614775389953863938;7
0,323947978689213989;-1,434967533808976903;9
-0,216392754551266109;0,439006513427083023;8
0,268600044874052091;0,065074376620386898;5
0,281572712414263349;-0,976101486296421239;4
0,277389666302378268;-1,516108384011408461;9
-0,266097097974968388;-1,332017262302715332;7
-0,326354804798248577;0,248656542638055866;2
-0,511749513722261296;0,291931733325489939;2
0,188025049702639807;0,189215656975932456;0
0,168094503339460077;0,244830207524760618;6
0,088533481172430137;0,224507420287418685;3
0,509586508438279573;-1,000589898112781650;4
0,087480804732877754;0,056318421879876686;0
0,088105848191558769;-1,525267346565673199;9
-0,097996174123705551;0,356821693247883154;8
-0,457286745039428177;0,121251484678404575;2
0,307394705429640591;0,086636611204773811;1
-0,480396539356853225;0,020685418327943031;2
-0,250427572691586331;-1,515974883873837609;7
-0,316183285258936742;-1,490759524958389592;9
0,419066701327325875;0,303914925113718426;0
0,130397856823062985;0,142534157415794699;0
0,161628739436132651;0,435177042962725968;6
0,213773194243995490;0,177040109120033345;6
0,480346341764713192;-1,303722715281617317;9
-0,302145331396180994;0,063136313183296960;2
0,011840199011718865;-1,107474343511483550;4
-1,042653261138362986;0,610993699526491407;8
0,005293274693774449;-0,558844624908600651;4
0,152288564538271859;0,101526073769376973;0
1,732306700831514057;2,329947470678783272;1
-1,276285996490522878;0,664935856718991025;2
2,906259218962977453;2,196596492014032620;1
3,144757762027621251;2,191235293678289953;1
0,355540388290352949;0,307560756565850357;3
0,405119300042229569;-1,251585597462773647;4
0,155878110716078905;-0,075070145234344868;5
0,098117316693431947;0,290768988183861821;3
0,108751516355892253;-0,008417019600177329;0
1,156351089420562639;0,511740763834235390;9
-0,533165128872776006;0,207997858705851857;8
0,445831298860029979;-1,293024558633474763;9
-0,459137579719075373;-1,200495059391032182;9
-0,198998979534785320;0,348443027934446536;3
0,145383301302693696;0,169075590066184583;0
0,074138842530169655;0,086794137546454667;0
0,228716569128856129;-0,017651727776620690;6
-3,037624294048037132;1,448960391175273310;1
0,017232268999764180;0,603673677004566644;6
-0,455556426482236543;-0,011939311815157828;8
0,116626252885829049;-1,518183385694116039;9
0,146938008061938602;0,255639208819071651;5
0,442849620253307763;0,452031601346417400;5
0,130769238397243720;-1,237880636380371380;4
-0,025559151299148312;-1,255283510826929794;4
-0,054619364340679252;0,250679117524163275;3
0,570376852566881309;-1,287798985499409632;9
0,046428264298577944;-1,720224855732176206;7
0,189860974526826154;-0,478895831777470637;4
-0,471054398663309337;0,737658092900830509;8
0,077178076456077077;-0,599098501072449219;8
-0,307682158433475461;0,456391426769286346;8
0,313307098623859803;-1,562326625198027008;7
-2,099930066303524079;1,855309830557087647;1
0,208087836123695247;0,170581198567075903;6
-0,007618419553587170;0,156933962110248210;0
0,254165104137268838;-1,082592191281497973;4
-1,156884373372192298;0,553962547466994581;2
-2,040434344982419823;0,990016434374155874;2
0,052879017698873550;0,147783351410959024;5
0,148768652670124124;0,259145815102829302;3
0,497030195924374030;-1,039707907147406019;9
0,000939911391375384;-1,642345210729175831;7
0,408343573773860935;-1,340152498471243403;7
-0,241488590604231917;0,211133906948232974;0
0,185355333341847311;-1,692520595383687043;7
0,100994024630712026;0,509174540927281205;6
0,508960052287173892;2,150170993299068023;1
0,172296412619875022;0,090660656165889475;0
0,155631139104042027;-1,637325248478090911;7
0,163481014938902852;0,287304477721164409;3
0,466749058775665193;-1,192985187994266338;9
0,146059132965104171;0,132898676472636784;3
0,484788713803105009;-1,173012055354491823;9
-0,752778412563702815;-0,692161864652256931;4
0,195466070173222983;0,212397790557687177;0
0,189610110923348174;0,149429527085112202;0
-0,059041010022782239;-0,080556374855109775;8
-0,634842276104121472;0,572412383797818447;2
-4,048343036563697872;1,249689356238993687;1
-0,121938954219105722;2,456555059553500620;1
0,816840426511135087;-0,041016986116195510;7
0,150191361288384562;0,162032031555208511;5
0,167460661987837212;0,506474044960426140;6
1,411271055500643579;1,587273352187101860;8
-0,181132319013593890;-1,531502627837951325;7
-0,066656859321014394;0,077426573158278514;0
0,212753471719468762;0,110810982988228612;6
0,150202678317373634;-0,708041736621636386;4
0,141303800048651867;0,685894552717023043;6
0,048423002126259662;-1,638136486882317389;7
0,118933563204427967;0,548797962831783059;8
-4,673775041380880957;0,636018512701607697;1
-1,938958342055419060;1,793272213828430717;1
0,004336225650469376;0,060851170543703842;5
0,215993719310278248;0,740657823682290717;5
0,117757238868520991;0,121417736577669313;0
0,133946456353021326;0,011951422448933805;0
0,481437983375933243;-1,084441415612681370;4
-0,242135668726910169;0,018224112725950783;8
-0,890029347970322626;0,358444237563434187;2
0,109666939479263398;0,440247629154270514;2
0,380736633355587106;-1,185315040211530668;4
0,178683619887321204;0,826105419971630450;6
-0,014901900878385346;0,247061453767534772;8
-3,820781385333387181;1,189724207133790790;1
-0,015138683804425016;0,102374962932668317;0
1,615143416243106866;2,052991081540236795;1
0,045789211960370953;0,213221360899459061;3
-0,089106872549782737;-1,637021772779060136;7
-3,216839455342041632;1,623140268702310873;1
-0,372757623436593299;0,090857487741001400;2
0,115428223850879932;0,248683336093202007;3
0,108506874916060980;0,137514319084581393;5
0,919698154499050680;2,125171620847446263;1
-0,527487902943260756;-0,285586077722088549;2
0,598523917496227020;-1,336069918844349669;9
0,396483929624284415;0,753856865174079904;8
0,252393618926867125;-1,479990274075371870;7
0,112796125764843588;0,117396317318195539;0
-0,567635621500774401;0,167090920402605952;8
0,535405758350842254;-1,219382874349388191;9
-0,787201724766440680;0,115232427306438540;2
0,189747379448958281;0,256858349530851959;2
0,155356471218853542;0,572639481248218840;5
-0,222476619070454101;-1,442672937891160023;9
0,565013430101078962;-1,306272731372364548;9
-4,155641252780898576;1,101850415509659564;1
0,647329632262006571;-0,296340929044930423;4
-1,581883023714482750;0,563380802046932860;2
0,421991356771257820;-1,297905933419975177;9
-0,030937153718542453;-0,993752654450839934;4
0,327314389250617455;-1,369003845764396488;9
0,437622193456451758;-1,385645462534994099;9
0,071975750076847339;0,078364653243391480;0
-0,335951651437047416;0,360774743934691500;2
-0,380099183018896281;-1,111016211406830045;4
-0,152616383231909070;-0,150835474668062963;3
0,114380664638668167;0,251226274183616594;6
0,155785480127145937;-0,201631762877723580;2
0,453793927747207171;-1,065017623552479975;4
-4,567318831950341718;0,252738888297793507;1
0,196735558528016968;0,229476872545866406;5
-2,715233769895597060;1,501295321188140575;1
0,013016548268036571;-0,032250746456784156;2
-0,110935439819101339;0,163436746305440195;3
0,171699406584244180;0,593467795851627344;6
0,131560069126040263;-0,229961874695655072;8
0,215943551433907394;-1,646713268954673515;7
0,081423684122705495;0,333826916153298292;3
-0,161209439302816587;-1,230202698966575747;4
0,181949922250377844;-1,450110047822948722;9
0,117435745917445572;-1,426040678202991741;9
0,076695276204555518;0,241471110456299931;2
0,644808916245502406;-0,949858508574761840;4
0,089951601513040422;-0,898449434115442425;7
2,741295146242100245;2,020129701436026881;1
-0,446845911162408349;0,427977279892131413;8
0,366489025587810324;-1,221359628978954115;7
0,210730434871004402;0,218685852120416496;6
-0,053985134420780928;0,453935121565264221;3
0,040293947679394759;0,508699682551482346;6
0,150910046172422624;0,159275639544979863;0
-0,324901922774109120;0,323666393562713484;2
-0,084325151484679450;-1,603643441680329351;7
0,210752746906058108;0,189635275412657567;0
0,364001147252787705;-0,295601444737581376;5
-0,353154983966834868;0,238633960319882349;2
0,058085477379234876;-0,043976157242455897;0
0,172708811420201530;0,119749806389056981;0
0,107849597257674235;0,189363315625729778;3
0,601754514788617301;-0,935111466359009991;9
-0,269522339997574023;-1,140510814074729540;4
-4,684390388019344265;0,645555829996038555;1
-0,144238132313607798;0,628464912693484146;2
0,441673288085079552;-1,464543670514769635;7
0,397043023882398316;-1,458228085843987554;9
0,277401909682670533;0,154472577002258221;6
-0,347771514022030270;0,214434115310878720;5
0,069135265639988730;-1,707664490312162497;7
0,233059830451983585;-1,378896363144514359;7
0,505693874434731017;-1,107745405649159798;4
0,921331431626515984;-0,689117745345038668;9
-0,419868463964334471;-0,049255571170226699;2
2,569745539990829108;2,258146738919711627;1
0,056609916633120365;-0,290502454399638177;8
3,046973205597760082;2,207252568030643847;1
0,266470977509712437;0,385299113380988212;3
0,203590317338046889;0,161023468042707452;0
-0,176830838614329244;-1,548987714635116308;7
0,949426775287486868;2,265372301831872104;8
0,125603859964797088;0,327950916434053052;3
-5,063579587457341269;0,781724851221064498;1
-0,295850078399559069;-1,205997958113811830;9
-0,690916832764827071;-0,447285139060710879;4
0,481191124014206884;-1,131257723128697545;4
-0,295235015272999668;0,172976226475300948;2
-2,603666052017354460;1,482724913324775073;1
-0,116911926629882618;1,100854382060013847;2
0,163723106248461397;0,764874975650140509;8
0,421647656767411949;2,157032517285252027;2
0,383690672284165923;-1,243053014639902143;4
2,970119062578819413;2,245107897780641348;1
-0,500581392893507782;0,245760653843467125;2
-0,086120517739683503;0,192787498131938434;0
-0,531399989617642343;0,139177526969708198;2
0,323094591306641088;-1,533094094909605243;7
-3,245038401774193115;1,324521351600939312;1
-0,062869311118606622;-0,432426731784372687;3
0,286368072426540665;-1,289461289709805447;4
0,180557215157067269;0,115446353206880889;5
0,197147759450437887;0,253051161440205563;5
-1,711278951081181443;0,123881754757722493;2
0,083230663085173198;-1,447389896086231920;9
-4,862001277154893053;0,024843615834286521;1
-0,110075402512397294;0,317211898099711009;8
-0,565039537312541862;0,248085210310997090;8
0,060652351882417563;0,163911004204361638;5
0,442296368928196626;-1,184595125750468991;9
-0,442857643482590990;0,765005017345369853;8
-0,314782762279480322;0,235633953453621842;3
0,132922368382623807;0,313935565620379109;3
-1,532666441673602664;0,956880858829404435;8
0,261393177913707697;-1,580277677321367591;7
0,161719819740437698;0,073429454019106694;5
0,153839362458689177;0,123653390478452099;0
0,135263979260434292;-0,081323117424252092;0
0,108832759571746249;0,081556107337293182;0
0,457468977363286289;-1,236604941167440019;9
0,121795388889176681;0,081649745438409596;0
-0,455382559281369670;0,308911735346356742;8
0,131660514250487554;0,212459752854579770;3
-0,233007405079467961;-0,341858333602204079;8
0,015517039973419446;0,389593247016134459;3
-4,314493291858727986;0,971331771549692968;1
0,184494313966440310;-1,593433925138150187;7
0,297635100219616588;-1,234436698583633252;4
0,052784914548069287;0,271238180430276143;5
0,212443617861666378;0,457218551780878113;6
0,371930610300751030;-1,570739019132747938;7
0,261883206416661851;-1,271685011520954145;4
0,561829287525988819;-1,355032521169662552;9
0,001552103210444129;0,170629813468955088;3
0,395156022390022954;-1,590328635073213537;7
2,685726713079396699;2,311512456454505315;1
0,393026240322959131;1,239668652300950136;6
0,088362450494097258;2,475707188622291444;1
0,070908949466131979;0,466488827965863884;6
0,115086615819761040;0,324706209310798855;3
0,322809853534609337;-0,628063055997771125;5
-1,467460284607283061;0,218208527754117726;2
0,151256305991432555;0,416341218596675611;3
0,353942484203916108;0,352514906904500935;2
0,167044161630228033;0,460313393619506628;6
0,294657471685400185;-0,925181998039615761;9
0,000781303776034483;-1,349987249427350378;9
-0,269663494196380471;-0,108996991007624944;2
-0,523497827794913051;-1,176080102204826172;9
0,190193918540804668;0,249540109134232996;5
1,535112233224378286;2,027361486962587112;1
2,010240288958412780;1,896278523432339602;1
-4,700058242899643801;0,697820164786684516;1
0,131069642056561214;-1,700077152728726171;7
0,474957595063276117;-0,999180862773502154;4
0,626582197100522875;-0,096481564005935508;4
2,165570201020081242;2,326926915398598972;1
0,227066152952311195;0,604076112458447501;6
-0,006500204885169164;0,432527791391120686;5
-0,057473932187115578;-1,418189395689263721;9
0,204911622310726904;1,144459000026695206;6
0,373982183982788374;-1,150000657552491257;7
-0,180695299369398377;0,034638336928951408;2
0,476231276522166513;-1,053971325844139661;9
-1,971453485659393046;1,731409013601919566;1
2,581500424476860456;2,160085484387388899;1
-2,340613355033093423;1,004723905086799762;5
-0,902156942020024055;0,229828398682206753;2
-0,259766229931051751;0,104968047532363939;2
-2,014756813862316864;1,916025799928273265;1
-0,982256537255226658;0,150006710959751682;6
-0,049969080791360580;0,681068736604884206;6
0,403933760908797623;0,389253245321542096;6
0,128711666700795230;0,599401673065722673;6
0,338555779981007499;-0,103296363416237852;5
-0,279643994502234761;-0,795101458901325553;9
0,207348403834640788;0,308929756393876542;5
-1,035080679605183018;-0,274794155916849969;4
0,477996229630655634;-1,330823474344140278;9
0,424127421979569208;-1,360739099226088600;9
0,137165026500117304;0,041387374828098823;0
0,278044769296666383;-1,249965153701411813;4
-0,563380374777143089;1,247662540856288249;2
-0,311496155943711772;-0,069363875203868691;3
0,279695678696499250;-1,527311831938900522;7
0,188416400674563861;0,553470267414237882;6
-4,721136668017346771;0,918457695696563436;1
0,148027843088527206;0,610571047927822241;6
0,048539710355955570;0,105791665075701730;0
-4,644728105612994540;0,944072706292993113;1
-0,132865949624043911;2,246331593858802655;1
0,366306217573654946;0,275541280544279676;5
0,759733477553421799;0,058357592494591243;4
2,264744369623720832;2,130678940574946001;7
0,322676749231810889;-1,678235685596646931;7
1,413612865527109630;2,358427698533595684;1
0,034471086910862266;0,280512851181642098;8
0,233900403610327073;0,057510182365652890;6
0,127561241160562638;-1,684088811202464120;7
-1,017971872140367662;-0,729998965317473769;4
-0,075317172356396567;-1,275374285986282663;7
0,144082244807569482;-0,310520094903054489;8
0,329242995009418671;-0,922153483046736278;9
0,203825669634996098;0,276391183440509336;3
-0,503133910868455603;-0,531857075991710615;7
-0,145357701318223342;-0,775067556286244241;9
0,157423662791112751;0,140463308705761958;0
0,222946638003029329;0,788490931814680218;6
0,150900225538593058;1,948371329249599881;1
0,134444977953600470;0,361480043144021823;6
0,218486038831109203;-0,003125349870215028;8
0,161399724422786273;-0,015500401654231312;5
-0,290665609178314965;-1,320431724177867805;9
0,042016810787411395;0,130839564757794874;0
0,261887534960811297;0,149964296550862658;3
3,348010918918149059;2,196741721143097070;1
0,405424115813146024;-1,544511609231921101;7
0,372860496999648960;-1,243974967103785412;9
0,148868851568670746;-0,851365054822311285;9
0,152145372867349860;0,184138988999727332;5
0,403112189964906997;0,655360054175173401;6
0,237261592485539963;0,202386466245751850;0
0,288716056404458965;-0,262062189381396415;6
-0,328317823727297342;0,509716319562528830;2
0,231034291759165872;0,261647297776529786;3
1,725444066580995806;2,165431861509674594;1
0,143833994409098193;-1,073955707557677330;4
0,284681346344510477;-1,215539177469542764;7
0,066764948658658313;-1,661624770893840530;7
0,064418650972273186;0,087485824286034700;8
-2,653963389136972051;1,602117715345499072;1
0,223758670302342116;0,152249508837496522;3
0,263105510021747591;1,113104359426107637;2
0,086547585512755487;-0,122263518083871467;8
0,122990635101355453;-1,317616987955956498;9
0,139811083487659665;0,456834990642767835;6
3,506949250513649030;2,211576515945156363;1
-0,245874289273229740;-0,096074906227453016;8
-1,709132255466871086;2,032859469221152793;1
-0,189361258782893060;-1,547559533486826622;7
0,143449611141806849;0,126922199177381484;0
0,080395281169857544;0,200629132917027275;6
-0,402203907209239320;0,360724960439476883;8
-0,356562666361896874;0,247678967772166941;8
0,890601925474613698;0,559341610952023949;0
-2,604225587053675461;1,720687866142060152;1
-0,431082690812562952;0,486216524694528585;3
0,060001618668839976;-1,281773137129387230;4
0,019770370691336154;-1,659856658123621376;7
0,204540447168653189;0,348599262121774167;6
-0,539637950439266434;0,428200799758661654;2
0,270514429217116659;-1,592560409598067217;7
0,030470916686802570;-0,976686538272062088;4
0,231903940204817000;0,882193264119229825;8
0,403483076859547707;-1,072783688268113877;9
0,491947540331848343;-1,354359576375581575;9
0,299714233204903535;-0,041067915898840131;8
0,208321424622204904;0,380228877009830046;6
2,029449006960866164;2,427622929761461545;1
0,336884011754133017;-0,889218111562543712;2
1,413055391340661160;2,067841255669123246;1
1,374661623994472448;1,314019661065577438;8
0,308938497155053671;-1,555999956215251556;9
0,035195726359696172;0,173836036273630368;3
-3,811390097199032212;1,348368281513180555;1
0,147564729900204028;0,139946278298388765;3
0,284845174565533543;1,223515704941136484;2
0,153534808648284726;-0,037792368070068430;2
0,550533919291381846;-1,114356503075290217;4
-0,621428198454964997;2,220480625138006481;1
-0,397619673162515119;0,822091608233893489;2
-0,741456574793340040;0,514031122894878179;2
-0,831642174815988011;0,371860937397132996;3
0,379861695183971171;-1,220372687861111416;7
0,958521104941690183;2,231375645984833955;1
0,175967934068590126;0,109015170184453003;0
-0,112870883265005384;-0,751559462302957670;7
-0,761472762164884576;-0,864321444202712397;4
-3,215937937610606756;0,079789913764037990;2
0,008837065254428749;0,267159682049483982;3
-1,252359529506299918;1,623395023414445193;1
0,411627906338182525;-1,220359282877651941;4
0,189917644864512375;0,253886171543024508;3
-0,483523342289941427;0,475787837733813057;3
0,292245096156161288;0,725405746386574402;8
-3,551471706581860399;1,527712026500685161;1
-0,225441465074456338;0,149311311962473603;3
0,276528475587410338;-1,685483277624960197;7
0,156329586789624470;-0,566207024770625789;7
-0,010344522931152549;0,171545406449827881;8
-0,264105973456736143;-1,211698169772941647;9
0,102965647605904292;0,705881918544721820;6
0,456740977711531604;-1,191119214829287953;4
0,021781618374105399;0,106561226263376052;5
0,255504999076225148;-1,679470561245787641;7
-0,132287102411878604;-1,323771772382508871;9
0,213464653098443063;0,841580833340765833;6
-2,309358582368879809;0,014851017987811710;7
0,174351666109947706;0,181947968972337282;0
0,661790984601076659;1,318758173578021831;2
0,343763469903366981;-0,977287965622947064;4
-4,706532502255478256;0,952759968879129948;1
0,220300132769115170;0,108740118005673722;6
0,175983686079805468;-1,638376302581457944;7
0,218629088491573309;0,457574034112680994;0
0,196168707417450988;0,356692033223898530;5
-3,057275738314127800;0,538667680815754779;1
0,529960970587150415;-1,315045322272327066;7
-3,602002004108449285;1,328511307425078725;2
0,116429929503099383;0,330248109523116729;6
-0,003522673430338649;0,196705878520185007;3
0,240783756355247291;-1,480395212468008204;9
-0,261632223211207604;-0,132502411028661699;8
0,018216739286801106;-0,600239785415193627;7
0,140472469153254259;0,134410808992357023;0
-0,253231209762914911;0,250953199936479854;2
-0,607924009048484648;0,922451799654973370;2
0,363192630405607231;-1,371946948949352096;3
-0,417448108040470445;0,239249871439695477;2
-0,045017298827792256;0,728784043971795303;5
0,456627175028141929;-0,301297076960548915;4
-0,244327589614406399;-1,345321526790820066;9
0,279496224592179321;0,185691332604772691;5
0,095668875180500490;-0,342419791620462710;7
0,193122030818228957;0,137815225674607328;0
-0,013996953183209589;0,362407678497888408;8
0,434924971590209153;0,132816109118740422;0
1,369398161185732210;2,137579774122087883;1
-0,656074905094379268;-0,190972940896284527;2
0,178867206504283560;0,367040477284192534;5
-0,561096487107969333;0,135509760691573028;2
0,177826708442453574;0,315179204761352860;3
-3,858582039876615077;1,092471410078298621;1
-0,025534601647092911;-1,490176022668829203;7
0,179038419759694090;-0,978914291662151381;2
-0,018378840560072322;0,126172308981818582;3
0,164821762136615813;0,285891538531136691;6
-0,430005796336281443;-0,203287064550512681;8
0,362228456273476107;-1,193558915232469708;4
0,728301266452677343;1,980181734550533923;1
-0,136733753522217755;-1,431903113936381144;7
0,356674855528646917;-0,017510757799656541;5
0,212098264412382692;2,352615719865400745;1
0,177656701848392495;-1,416816454420565918;9
1,734968127136128802;2,161566929368987644;1
0,098884439039469862;0,303325686849401643;5
0,638078815767548324;2,206036603363247028;1
0,318893401617040551;-1,679311472144372042;7
0,095719325513532322;0,181856414029372998;5
0,076853144383414757;0,340686604762405976;8
0,126763312637224651;0,831479985063106830;6
-0,907639741798723088;-0,654005074175480594;4
0,455801661610000075;-1,171213385505582405;4
-0,246505655141435687;0,192732915101366170;3
-0,420114489869681917;0,198650000259457282;2
0,156414959206882281;-0,382491532444493354;2
0,259930729071229272;-1,176935597450678106;9
0,367284357496227010;1,553031224987233783;1
0,298541880969735218;-1,493329941645253234;9
0,186875557163465905;0,112247601383085982;0
-0,956280254055276391;0,035570829828768420;8
0,219294815114492975;0,214329874971626311;3
0,168921964042798550;0,527631663558751129;6
-0,265854334631420053;0,672255822567798589;8
0,315754642125574247;-1,484332468635316093;9
0,066840244968921367;0,262226177454449483;5
0,086819762000453424;-0,154480976039425594;3
0,446144856909107268;-1,321748359253598348;4
0,505960008853467924;-0,587227149700500606;4
0,181844780344268181;0,177777220781145356;0
0,271119914014211372;0,247289337088859695;8
-0,228571490092498442;0,188132601641792879;2
-0,194955836977854124;0,042910303413302667;8
0,157309669973429600;-1,460974742482794353;9
0,340195731066971485;-0,818441452091359323;7
0,250441855018697479;-0,636412467559623884;7
-4,285019466221901219;-0,252996450648265814;1
0,151640727340511788;0,207107702941785266;5
0,174759885786192892;0,174814198521911018;8
-0,567693154697284985;0,197144245716619176;2
0,096154616074943272;-1,718329031897070536;7
0,358497741097272449;1,025757824467290469;2
-0,603514779983275296;0,516677361148277003;2
0,193262224052637988;-1,607990698903545068;7
0,428168068629917575;-1,258994316522958012;9
0,442945485502877989;-1,267901440011236058;9
-0,211737420784860186;-0,969190294743423553;4
-1,787934402780078091;0,615917111473888834;8
-0,794329003002437140;0,344309164887994346;2
0,073966321112023795;0,071047136119603033;5
0,228733913188509524;0,160045053922424879;5
-0,719995221722553258;2,400868767407613902;1
0,036021429222430887;0,148426855457360340;0
-3,177336287320617458;0,354550084380089059;1
-0,012908675411792261;0,079847061861226115;3
0,427425250907732479;-1,103138819474628995;9
0,543168754268822940;0,954078042157792905;8
-0,017331232761772460;0,159895519524632324;0
-0,170283274978750482;0,480229824236937941;2
0,523302529755924062;-1,344269524157291729;7
-0,833377730584165533;-0,094059324583223983;2
0,184360466748089952;0,242515798908839453;5
0,079244239652118784;0,177449594071872468;3
-0,047426542343711846;-1,475124471219497746;7
0,047947753244258401;0,421389319652724970;6
0,071835454593597622;-1,348068948001320599;4
0,482467252538279767;-1,228450179922932151;4
-0,883712258314993004;2,324234286275804084;1
-0,423307815749846217;-0,949786796575777692;7
0,099202409235940231;-0,013843320633497552;5
-2,612549188346169338;1,538670197956563790;1
2,358408168999184262;2,121753886940844325;1
0,003112469528715195;-1,548060325830179496;9
0,092728645857582712;0,645430783992292922;8
0,632208444193837482;-1,295511609442787648;9
0,137664042850365625;0,140188717825671716;5
0,399018083790308398;0,671707630311221826;8
0,125460048168263616;0,576841553364096815;8
-0,164325513439026655;-1,088682073388162364;2
-1,469463907013063730;1,499574966992070379;1
0,568107168889796288;-1,218695161075831868;9
-0,095277621764853548;0,526211296695462183;8
2,604223851598843176;2,138268652877568510;1
0,188700519441387021;-0,372739720041080747;4
-0,490903756155751603;-0,311291845818161050;8
0,271815046867398769;-1,610138341079911273;7
0,458940807633675951;-1,104415379046471912;4
0,295360455576681280;-1,416404341697353519;9
0,194216827058955099;0,043266128841547999;0
2,455406298046592717;2,097192291309496248;1
-4,302763387124375782;0,900799818150624709;1
0,046411915400975605;-1,207186765651366844;4
0,131731191484431132;0,100751852405383660;0
0,113030351765343304;0,153590931724815000;5
-0,210390430102569248;0,007869748781894314;2
0,554914843114880707;0,626267100919871589;6
0,031855053290447889;-1,266159625273865164;9
0,004094017056080060;-1,060587766595235459;4
-0,281252838249695269;0,031613546164465614;2
0,439933948678890685;0,569159420630843904;6
0,112642771728989829;0,271789375376606468;6
-0,375735477423204789;-1,074533257921362228;9
0,705794261590242167;-0,989710864051391304;7
-0,136909944351272878;-1,497385745376297095;7
-0,166004383979958259;0,222782191582574535;8
0,037774615187483360;0,089570926416308164;5
0,329432820088810530;-0,699160836046139433;4
-0,309997987619276660;0,099207412513547505;3
0,103264654276697079;0,176276070847945998;3
-0,113297430468342966;-0,742526123658344472;7
0,389139316735965468;-1,283186560423984712;9
0,462871551396426051;-1,116661079516277244;9
-0,574492624550360542;0,145825528680358557;8
0,089289348849144662;0,091144309165864551;0
0,492297276745489454;-1,470043339983691855;9
0,205093342794949812;0,334315003612173978;6
0,177771756298928801;0,079306573018758403;5
0,161736278713845549;0,132906412692216119;5
0,131289328389671611;-0,061498430867145487;0
-0,413496300752422052;1,115249050378110951;2
-0,306436096910459976;-1,160752846002755412;4
0,112955821386056601;0,213319162790478439;3
-0,230195453050035581;-1,416777626435785642;7
0,302510810584246614;0,315365173117131803;5
0,103289505571817555;0,528234708295034605;6
0,230629368470286811;0,055644192246925038;6
0,216258039128654989;0,293883745461347101;6
-1,595364649821036096;1,684449820737729642;1
0,106245229234743041;0,154509529147188324;2
0,495069521194656359;1,504586125932942942;2
0,207808105068626653;-0,123173337331123275;0
0,299653182236487681;-1,482422538279235980;7
0,055922760198202234;-0,601209377464106520;7
-0,072233883245388986;0,127084279362908892;8
-0,023573665985677138;0,424627573556970284;3
0,447032462044985091;-1,193112098237067986;4
-0,114282727762548511;-0,979827026519729416;7
-0,770647903878190710;-0,307152450837805568;7
0,088500438037945051;0,084162654945713664;0
0,306339516188586181;-0,724307336792333945;4
-0,712948615407488218;0,328185588993379240;2
-5,019653151816791059;0,524902580107254990;1
0,454407109707872570;-1,273298245888462077;9
0,200604043635180251;0,175504357545685857;6
0,280350932447474832;-0,962678562728742748;4
-0,021173489387111329;0,613466704324977186;8
0,508493980901839504;0,550548881212700514;5
-0,556889405383341640;0,467374298808691691;2
0,371359658772604628;0,668522471397373974;8
-0,177960437497830054;0,469491285454807783;8
0,225561644311884635;0,240424398678947548;3
0,059213658443936792;0,083161796238577140;3
0,149479264658091721;0,121197486464841381;0
0,170847862397649097;-1,638151205462670124;7
0,293757326399285756;-1,396602971913131874;9
0,098274679069053808;-1,153257906312706416;4
0,098063506580740506;0,250292900765331339;3
-0,263034817333369031;-1,254017770978130164;4
0,048940849324604949;-0,681752235531620676;2
0,177463136136437077;0,221092925569152304;6
0,128429044666699466;0,105818995207912589;0
-3,485358721038743557;1,285892961051752659;1
-1,118886561139849745;2,156132435800500957;1
0,305056970003352357;-1,694179161448877480;7
0,071301703609777597;0,191721586053205190;9
0,459783419642877222;-1,323709270607769994;9
-0,356514267540453067;0,260955806849640315;2
0,248357827056091135;0,427496416348128294;6
0,007711064529900942;0,229830744809643189;5
1,365101940519833912;0,385264751522903515;7
0,396365709376933495;0,148182446998230494;5
0,154386916159321708;-0,774347965914951808;4
0,107887807899170504;0,130002596541953980;0
-1,110512907718715248;2,085738667007001279;1
0,143793389192215376;0,156969939926787205;0
0,272861607858866428;0,015373990979139159;6
0,171621744081770278;0,138331711221226811;0
-0,201985788839540742;0,396613969385659459;3
0,502495909917950789;-1,092015615201541001;9
0,548788112748602841;-1,308211918778171334;9
-0,557747479970861382;0,134908684440193521;2
1,318405936666002143;0,186192429352216776;4
-0,169233268893129646;0,524070545106348429;8
0,158155747652058726;-0,633654093120857853;4
0,440757544795550404;-1,198417419904925785;9
-0,034555967005368921;0,184872887962928889;8
0,118890472887193732;0,265765722800761994;3
0,416733205698355313;-1,406329762873198108;9
0,090223212526166177;0,179316872100893643;3
0,159257871727495448;0,042876730819554149;5
-2,127528471223154138;0,771233563190144911;4
-0,215433294596884872;-0,726027001540985206;4
0,453822684530910403;-1,223060466068571106;4
0,362749887289564754;-1,423354937247158336;7
-0,495783505664657509;0,084430867488806544;8
0,211498271203440613;0,073324047248663315;0
2,049161122574083116;2,101774744261840411;1
0,193298870349244256;0,405867418110249345;6
0,611283660180206856;-1,225387286563737188;9
0,118871930781835861;0,083571289012399880;5
-0,125761663080041247;-1,393980338835846045;9
0,458747412922340836;0,364588486481825624;5
-0,512274159169072596;0,541402133356900572;2
-3,132731154357760062;1,224161779212429524;1
0,580931881394136096;0,635936603939552092;3
3,388600548658063705;2,189420071533977552;1
0,043258485917951610;0,227376559692529928;3
-0,108691017854580893;-1,447618650850066357;7
0,665987507291989078;-1,094464068384916056;7
0,211848543700257352;0,238160447299425870;8
0,531715914435550441;-1,362818962607408535;7
-0,782926131351432741;2,045647591580041613;1
-3,504229412858803627;1,096634780225683725;1
-1,606503078892168590;-0,450642962631101485;9
0,066114240938429839;0,121484323789006532;5
-4,167406907696955543;0,920094752842528840;1
1,125603496788676772;-0,172833231004213744;4
0,311517866859166437;-1,447873888155422950;9
0,083800626107272153;0,664729578691519607;6
0,138059596318150263;0,131465608502373266;0
-3,614193546533611912;-0,095851106901187894;1
0,031951873519523742;1,167122974435406801;2
0,119415753737336178;0,263390587759646799;3
-0,166972407474736600;0,437463278121629273;5
-0,413342560233509737;0,252368159493791933;2
0,052466842624352548;-1,049686353168233000;4
0,402828232772819150;-0,984369686092799845;4
0,049486876971532902;0,229565952230165737;3
-1,203085379650999487;0,557460962762074130;8
0,088001964926017820;0,031988578768003512;0
0,283667665683004611;-1,614352648156563097;7
-1,465043941941551520;0,103166434671744384;4
-0,606998531668464847;0,607266656867103904;2
-0,010554758855961537;-1,662156053546542056;7
-0,188339667807654099;-0,144172903131499497;5
0,168342105920548324;0,746625652584242960;6
0,056660388151903385;0,691780557331088231;2
0,411865541120036094;-1,423011554178076565;9
0,338753270466955081;-0,846782012218095459;8
0,090152413092758676;-0,139577631560196230;5
0,017004809626808254;0,066519082045452579;8
0,074107810292436099;-1,198987330862009815;4
0,232119581351905496;0,042770935060582188;6
-0,875783462809501145;1,032302644650179513;2
0,756927933395499908;-0,969450646999771903;9
-0,253374162873293063;-0,439951992946603754;2
0,227753344968615073;-0,092334048931580967;5
-0,180216057055378215;0,347595417205096624;8
0,029963249887018029;-1,482408129502982730;9
-0,085560402472637034;0,197308893174005490;3
0,153140245630893151;0,127121519616601647;0
2,171796741686319088;2,304901479462580838;1
-0,005759064669067371;-0,206684404185444537;0
0,122229281273952328;0,349829771059057271;2
0,117224467855731082;0,511385361948653250;6
3,382422091545166154;2,215618734612907037;1
0,197660417535655941;0,340153471368509708;3
0,133110583697252483;0,098246505906523215;0
-0,127062457582574007;0,262780037652212251;8
0,196424681174703630;0,266832986003954054;6
0,568729190042876587;-1,286497602467646439;9
-0,340804283709877365;0,346340793773107003;2
1,141452136568767761;2,332021525287011787;1
0,070037219757023941;0,121870577040632824;5
0,166832384143282747;0,748630869983813785;3
0,543683281662414863;-1,330402961136853079;7
0,460643809195323439;-1,160360604083136016;9
0,455887132305768827;-1,083461062291513954;4
0,147218860395292583;0,093476649824391689;3
1,116448405491575091;1,294135998965482814;8
0,139112732056405508;0,708739847985003335;5
-0,309028449898339885;0,212575154581699066;8
0,113067203389247292;0,548327364318585531;6
0,173017029084354068;0,389513733730938894;6
0,453256242541352550;-0,941518176468810530;4
-0,027038881479233098;-1,515459326594640777;7
2,087689667697611995;2,382904194983592738;1
-0,244286257228861020;0,431088457120604729;2
0,232710391745598405;0,059402872840344734;6
0,476258005419595065;-1,406768296389637074;7
0,097034274144836716;-1,560103441435926941;9
0,265375095938271743;-1,681016819370918514;7
0,098472756378619200;0,282489983615326734;3
-0,026542058123659080;0,266519518085804652;8
-0,148343506562251759;0,206547559750326265;3
-0,026931676436809673;0,184614361150862882;0
-0,260504059624344031;-1,125750104079231484;4
0,147354329172610682;0,112779982377646221;8
-0,280786750188142920;-0,094580273728502320;5
0,381834671241242041;-0,757352600184396763;4
-0,269551028334753529;0,302732175319647634;8
0,274418843952579927;0,202903108188999093;0
0,006939773234725181;0,188618430832589334;0
0,168081824271656605;0,163976834425876822;0
0,178336203781520958;0,036492195843507047;5
0,139565605451892422;0,536508434646689625;8
0,381319766602621013;-1,474152467250614551;7
0,100416923463184413;0,341502039827956183;3
0,151569554066278867;0,147121925691801381;0
-0,055429869262964268;-1,214931640866852014;8
0,285272971340106429;0,199214873583646646;0
-0,152382618282901033;-0,608898385803983255;8
0,074221984183192868;0,181014267213023050;0
0,091799215243860061;-0,147542872480063952;2
0,164688504066755531;0,119898519362299130;5
0,330065201675728948;-1,685212054553955507;7
0,034245431169373973;0,862357163126050152;4
0,161885614676679002;0,113037959811619459;5
0,333230944344836910;-1,592542543029654256;7
-0,170677976972098439;0,651303344906075887;6
0,361258361823411533;-0,984564935812795250;9
0,072318771461031675;-1,611988227748358593;7
0,339915176404608721;-1,423677380389619440;9
-1,223567691154351822;0,684970561617302076;8
0,239340178180350110;0,382701374539273775;5
0,248509094021754529;0,185500441627310497;5
0,171307280758408287;0,269469307480317000;3
0,651363064551292337;-1,364275141983337214;9
0,166396825213743577;0,529237693029145029;6
0,116639999515031859;0,243087305835329864;3
0,212661152655441082;0,234552675613302258;5
-0,310018325162279118;0,402837278822192946;8
0,092566593203548625;0,425367239625751015;8
-0,117471649878972517;0,422494818928131288;3
0,671063363628979448;2,374917263751069374;1
0,152115001416447709;0,536246946622157994;6
-0,317076439875442762;0,207845372152803215;2
1,649555626072246817;2,117830509395953964;1
-0,209943884803839936;-1,607236772723721563;7
0,237848658306850036;0,075912757672146711;6
0,344906574522922837;-1,560184011742314247;7
0,346405456935310441;-1,003935161276245935;4
0,249503975758270380;-1,539695778022768025;7
0,240660865256952045;0,123741524930201185;6
0,193552758002712350;0,193961201580277909;0
0,154632788729170995;0,486257160636912544;6
0,145491086706790729;0,395248550323017755;6
-0,010719899528775792;0,129467218395598438;8
0,404934051219304092;-0,992536098043811377;7
-1,954094935662430865;1,916260084932914110;1
0,462669996167252351;-0,953267961933089936;4
0,325014449407030503;-0,657316476385268134;5
0,394133811516635013;0,579372777267831096;6
0,172284279306766736;0,079825389325415219;0
-1,415008439167464660;2,087010905559884222;1
0,381636975788532562;-1,051027878991006581;9
0,170167579855494550;0,207258525533979054;3
0,159340590114910641;0,137389695414272761;0
0,880743096647651047;-0,607261347684468267;9
0,175713931598877521;-1,614369128569194345;9
0,099202437621832104;0,231061636540864590;3
0,152976047056403858;0,127771843853260514;5
0,141176239022646088;0,054080850732504411;0
2,309749694848750146;2,319907230368741136;1
0,069648756371799722;0,077455098995429530;3
-0,256827993267908172;0,572280600803029116;2
0,217859540914151578;-0,793651629553810301;4
-3,292080455345392842;1,101341013368644317;1
0,214732501832813477;-1,246394190991272799;4
-0,660356007111135845;-1,157039729469507838;7
0,173455218054597321;0,404812908607562860;6
0,481784166345561149;0,823782571872943348;2
0,165743523529889025;0,039029393006473852;5
-0,298774190042305265;0,239783043434980941;2
-0,115907637955734499;1,151192396489515657;2
0,133397342334805352;0,257777517506030729;2
0,996347749744460831;2,259426981079597496;1
0,170179897697802202;0,457871254682394868;6
0,218590932641542307;0,080119249708275525;0
0,129968127504715786;0,191616704096787771;5
-1,262643338042028551;0,680456715971364590;2
0,046638649547283237;0,169241937348232785;8
0,643271153374394222;-1,018216539205674342;7
-0,182707659472776451;0,263229727331182828;3
-0,082426015532027816;-1,224233281496816428;4
-0,842555005721916106;0,588835220537039294;2
0,227941668962322430;0,075646431797387267;6
-0,333537013624549739;0,451802016329078848;2
-0,929284422416976508;0,256304427921140499;2
-4,599801627938858495;0,797194248847513443;1
-0,428219385461849011;0,387896874799486702;2
-0,659366059637671365;0,250152587811272586;8
-0,105045415246373591;-1,174419294389593027;9
0,231330428479871786;0,293357112590945268;3
0,253070464426608410;0,194312421859351631;0
0,009635830950356932;-1,492225875139241209;9
0,271236368822168117;0,357120622657699616;6
0,081601502661380804;-1,699867583575110919;7
0,107340865558892148;0,163226505589278176;5
0,172760199541189319;-1,354972132977309673;9
-0,586175282576371970;0,181044933633821181;8
0,038205976988485338;-1,477003236814158127;9
0,125947495065647536;0,097773485098072641;0
0,304928816592089869;0,312614593004991614;3
0,485296103777246579;-1,329628008173117770;9
-0,013412796885993587;1,957387033220530537;1
1,074704911280718767;2,248531716692952820;1
-1,573844964013227044;0,691987906778280593;2
0,113378835159559585;0,159184558793615427;0
0,081716395044963905;0,232508183112598216;3
0,164224521112377425;0,228426013325646965;6
-0,390458141619626553;0,350947465116473234;2
-0,201960340723489756;-0,096380227940857932;3
0,524343443744115123;0,821107308343712483;3
0,315363059951017766;-1,359846873701028747;9
-0,325995266540132334;-0,078603780641299734;2
0,159350909620999487;0,160001890363201338;5
-0,656177196890583181;0,284194935285800365;8
0,147487143322160175;0,373083469070890461;6
0,239972578053359892;-0,316547547067871249;2
0,265511984911613041;-1,300232934376810201;4
-0,187154223619322241;-0,036913217842037035;8
-0,041595832017282050;-0,456638233095137847;8
-0,346298733403084757;0,159885055082052696;8
0,156508122388973520;0,171467266069563556;5
-0,046494990265855865;-1,450469036163743342;7
2,421839729476328529;2,210772839236679665;1
-0,133878792483428100;-1,033825769278293949;4
0,325077042751077794;-1,345015831561806596;4
0,368164411314447992;0,272121579137173664;0
1,011058103377115991;2,115448359428750091;1
0,578876784253934518;-1,195303145758926933;4
1,552388328040395615;0,041264576011326604;9
-0,211254205650077798;0,539716703631690442;2
-5,346618711234632393;0,265264624162452389;1
0,309458552063775705;0,508213256264982371;6
-0,423325041830219129;0,475513845263659640;5
2,112468201536252366;0,788002335305854174;3
0,399137154997799837;-1,107362135356992017;4
0,343727456775038187;-1,371452651772028464;9
-0,014919092432738172;-1,609470412103928716;7
0,064456106258255180;0,075714760064136383;0
-0,238108737340493398;0,301409079500102706;2
0,146497546480962193;0,241514227254370023;0
0,091938767982080158;-1,080359385880740763;9
-1,540341675974920221;0,207289364650238367;8
0,127113630003097861;0,201285094660543923;3
0,133058567024429752;0,621462763959814701;4
0,103795429082201462;0,146055151372984304;0
0,097448328573886717;0,300602086809616642;3
0,026032189540555976;-1,620158736608673378;7
0,344561298909460911;-1,614488488065543459;7
-3,275661562043874930;1,422082284108615591;1
0,102821495090710660;-0,012923490835243261;8
-0,014827839438884636;0,162152421635094496;2
0,290862013644138884;0,096226631425987211;5
0,025846063741695992;0,110211780415377381;3
0,356981277760930582;-0,235423905999289557;4
-2,771217863897752487;1,739459996630788208;1
0,309910421484950460;0,085272633897442718;3
0,159480513383202155;0,222324721245489659;5
-0,344067485174844978;0,518905449956410414;2
-0,764449741512854164;0,070925416293356983;2
-0,088356181810560819;0,358743073034421989;6
-0,270825102781741489;0,807264954799412737;2
0,024560380750135721;0,016040562891607487;8
0,235723414939194242;0,028624404437350228;6
-0,628572947682001004;0,382167680755974126;8
0,321456843533646452;0,252670366810784253;0
0,025880420086669638;-1,703483729447650141;7
0,372658238703992617;-1,423737283789269004;7
0,300708760177783863;-1,581314652874383997;7
0,139783393293275632;0,052303150952201956;0
0,202511277979999599;0,501501317007659431;6
0,088071599861717781;0,149616523716243233;0
0,522854056715776894;0,777394843072311548;5
0,173873923049704671;0,142015879569973552;0
0,197378195480104296;0,239383277019719787;5
-0,213921351881060928;0,394395800281214182;3
0,672793240601647247;-0,017835440823380445;4
-0,618782893672949474;0,216099915151957478;2
0,320598936284998193;0,819402390475383435;6
-0,093341064694487538;0,212161749309745601;0
-2,030743437417396713;0,815253517917236215;2
0,092993169226566197;-1,579662002907645801;7
0,172550830415653444;0,092272253104336843;0
-0,352416626719042447;-1,088961344002672416;4
-0,063330621267082401;-0,433004761405078653;5
0,301770305533410721;-1,596120847435450685;7
0,457903544970652554;-1,016087058854154845;9
0,174611375244769634;0,343031353811048267;5
0,080214016869013388;0,119558617171797818;0
0,122760446949421245;0,097437953513499542;0
0,215716968098860123;0,117699306422578004;6
0,260974910044201813;-0,645207800821661071;4
0,204693399019621303;-0,088081558925264966;5
0,084471614540113676;-1,345247700188410889;9
0,177328069595094118;0,135546149469154720;0
0,370087630700091430;-1,290663091111968974;4
0,127132269778436557;0,127000759050184625;0
0,463155754600514113;-1,490870884146052955;7
-0,061145765259211469;0,014903485084711340;8
0,110883634889996585;0,142844306727576448;0
-0,261134392748449962;0,334635860740478963;8
0,259602595805026648;0,126422443204630947;5
0,155450098133176728;0,461427932283404618;6
-0,990998951040228171;2,303680249965640581;1
0,250577231390575417;0,234336670858592500;3
0,382029430539133130;-1,390746559854794562;9
1,332439916347443631;1,152189971737950236;4
-2,062438020794882476;1,880552973054681276;1
0,194778944493954331;-0,189869383895318489;3
0,111940651234325270;-1,374294966775120974;9
-0,022225928815733570;-1,601685189737374282;7
0,295544710305717606;-0,795559487563234802;4
0,400222293233618964;-1,335016012871190316;9
-4,058360171661396620;1,027500189558000709;1
-0,074201413716483935;0,037203801141500986;0
-0,011562839220616799;0,143618579532314050;3
2,524244931164109751;2,354697987829630357;1
0,056005742746434758;0,163169639372630682;8
-3,542980828319155062;1,363778501629845818;1
-2,515001595451104688;1,474476343131292611;1
0,193545040508611016;0,394524844403330521;6
0,247618819533902412;-1,639043437466224162;7
0,215819428098884575;0,170340102318859404;0
-2,665113681895668218;1,040430734715130257;8
0,273466834029989447;-0,822937279122118892;9
0,241162990145170952;0,492774761250031168;3
0,346283324616337373;-1,624036656564552539;7
0,176076289721690926;0,348527909132010205;3
-0,485393834739858532;-0,952480837632165622;7
0,133913474146669736;0,142126621954487886;5
0,206529804208697237;0,403687056035718805;6
0,234144873205929083;-1,131192420276994737;9
0,144770032490725842;-1,711122684476108047;7
0,155296147731323331;0,135788273799981679;0
0,115017385659494473;-0,859488413984155097;7
-1,374648058658152872;0,030672645033850501;8
0,017267671743647798;-0,819584612292875492;5
0,988685204149832075;2,201654199775895382;1
0,282486384905429821;0,678959510199091620;8
-0,330112031449773025;0,323967977117584405;2
0,928585506128500215;0,839633764045647712;3
-0,332624428660750537;0,170233838207399679;2
0,159640162068343888;0,256544900926982011;3
0,048184139223789599;-0,206740440237623613;0
-0,586130784386393211;0,240406035578094673;8
-0,208794353773304880;0,919922200417537472;5
0,040179295000360736;-1,704973385251700613;7
-0,250479897124962547;-0,084020965093817845;7
0,231051039857126411;0,093858431998621802;6
0,162641696166751337;0,450395350298656849;6
0,428479594632226013;-1,264145121015817441;9
0,246067326217705384;-0,985442418952122701;4
0,071039851054364819;0,058423605030135023;0
0,106183860170682973;0,195091820764283358;5
0,035475711504183625;0,176855681240450868;3
0,274738225436771177;0,522335924689532050;3
0,112739633394322775;0,204996847586687653;5
-2,776114901910302635;-0,751717585366344587;4
-0,048809532878199821;0,093194033124073178;0
0,007696755796870425;-1,308598921597338371;4
0,039806085993612086;0,699089985556335725;2
0,020031038626560436;-0,288607368152431598;5
0,204189141531944868;0,711566076972564909;2
0,187262238626186711;0,393143358889642525;8
1,257142855094485201;2,169036331806767137;1
-0,477816667164837394;2,152325934143240360;1
0,801329801231604466;0,222988391183305462;5
0,280868110142016347;-0,745252284731553916;2
0,662885416270541206;0,725454531061878738;3
0,181799640977433785;0,161761783036397433;0
-0,351690016757545743;0,068097333768327231;2
0,017039675402989639;0,510354882630961293;2
0,055534245129511987;0,173288183837627063;8
0,089722082949957288;0,048771426580748879;3
0,159587060971672662;-1,241511808004628792;4
0,118778651258662604;0,161844418690206826;8
0,389754909314766751;-1,213902124829971729;4
-0,939992597160829724;1,797491257071464510;1
-4,945077183894495576;0,680863083431697325;1
0,340793439909690243;-1,465354457516387487;7
0,142930100202288551;0,477563916734875860;6
-0,054190828971809983;0,008553927707172513;3
-3,354337892080434536;1,569334393009865991;1
-0,011962495835303798;0,307976699076384364;3
0,058789397450977394;0,074439163183395593;0
-0,299693706205586108;0,257709265630829465;8
0,062360259358877436;0,401742489831779626;8
2,962317377363348214;2,172753129013668794;1
0,103279027958315728;0,193645698960533352;5
0,185841243403180895;0,391550789262444798;6
0,149252433898444864;-1,303963971876024974;4
2,477660185560920603;2,073463577658777979;1
0,500653540559240939;-1,239236658999859353;7
0,055568424208189117;0,273418149300842961;3
0,135339870037944204;0,657321348917350834;6
0,056519324138830762;0,219530812845150552;3
-1,634758361334670784;-0,269519726839673013;8
0,394343450282310937;0,622471305420251753;4
-0,098516531646939132;-1,168531957119530729;8
-0,118527514291547981;0,336236500203735189;5
0,198986620190422264;0,233372039945790338;6
1,298867447077609594;1,048421228776717395;2
0,034687745378838515;0,576121537438308962;6
0,178493308273305146;0,132915507289984330;0
-0,828291655188161613;2,019197614008100050;1
-0,900110012233820922;0,188902094916778535;8
0,296773330687637782;1,922112592711545442;1
0,156125058355570445;-0,349256637920601742;5
0,149319496768493376;0,115809924152097093;3
0,469079360747064411;-0,906563040951912313;4
0,179971738500045275;-1,735574289155793704;7
-0,424896765041008762;0,068297343207316258;2
2,219566634426551666;2,242985514896418842;1
-0,329117069349057600;-0,009260875216664846;2
-0,580369400628451215;-0,185186022504456621;2
-0,811010495543791787;1,906838759129738436;1
0,119741158973129092;-1,305790431638115034;9
-0,082177971299025487;0,654662579878020678;8
-1,407073654406248098;0,415441174487267417;2
-0,125538464966746338;-0,669268817723621567;9
-0,422198871942766174;0,359986041293191450;2
0,114487200960726038;-1,369941549540101500;7
-0,040270650482703021;0,053119609086541703;8
0,599730216472249111;-1,289633552676941797;9
0,102212987692219079;0,494478736368880956;6
2,637141457503093811;2,168703542792776773;1
-0,506354565749209229;0,200760608590111966;2
-0,309368341782234602;0,244511000260343947;5
0,145276765231677402;0,291369368972707266;3
-0,117256050046620278;0,054875303148567908;3
0,260023875214271893;-1,459603122230908712;9
0,252822634434133720;0,914089170460688494;6
-1,460314046983122838;-0,938413140099296994;4
0,503230932660569286;-1,051991269289983766;4
0,236059744018750434;-1,500633481275314152;9
-0,027020701068583345;-1,529458932148666461;9
0,145739263901584010;0,486972804988379082;6
0,152822777658594755;0,037336783497986643;8
0,161279026977971529;0,313049742658215058;3
0,468204957582346371;-1,174324254002366397;9
-0,184823145930706922;0,149429327274580442;3
0,026100858729071499;-1,187753283907458490;4
-3,556406862285420800;1,264485600992971470;1
-0,692069903556112087;0,138295822489530179;2
0,365577992097449400;-1,019508715050725600;4
0,173890398880141850;0,434247234860670739;6
0,227634330526127582;0,333956473925289543;0
-0,244075129163698612;-1,556008119066745632;7
0,636778237409400205;2,094051626463085292;1
0,421626766830053956;0,471484657902491000;5
0,097614421675397176;0,063641663610199142;0
0,377604187252089385;0,299943004282011760;8
-0,065995272629835608;-1,391057503309825139;9
-0,112921225648060147;0,336197016481063482;8
-0,293436324592817543;-1,449627726778867753;9
-0,652756468465928719;2,246697371415559807;1
1,177667904054331638;2,385562485787299014;1
0,584703310737606730;-1,241991464326758887;9
0,334354032396098622;0,529954181138443503;2
0,197307706569901098;0,685193490956349183;6
0,305915391555723226;-1,574991731668546668;7
0,264382560744452877;-1,467957334806432756;9
0,319163599906471418;-0,990480864098785885;9
-0,300060207134464352;0,441234196421342317;2
-0,324213477489822099;0,174832652182119019;2
0,178396530812717502;1,051478558038420497;2
-0,186794719471405885;-1,541663407322981572;7
0,006398380756441247;-1,307147280216599983;9
0,152302179553523848;0,236236078912860303;5
0,439965792140584178;-1,184054135895306503;9
0,134627202150978453;-1,603831256304936170;7
-0,088573108297327896;1,923004145502363649;1
0,571816357560902433;0,965866173150248697;8
-0,022576937561445680;-1,447455975673898054;7
0,463806443982702765;-0,633058394687280646;8
-2,016788227853861581;1,863894721121238884;1
0,232567098420179419;0,096826654297523379;6
0,161932216348797536;0,575574834147123404;6
0,209743229636818629;-0,112354112033021175;5
0,105059852718725519;0,117876102423471393;5
0,297225342350407373;0,411815993329582575;3
-1,664797147837663083;0,257369325503006785;9
0,755717602766181495;2,079429678895416078;1
-4,710881493695736388;0,921155750377368965;1
0,367217456059596048;-1,301629124626337175;4
-0,028344496532993278;0,203815297360207204;5
0,151175309819403803;0,097056919799258221;0
-0,404222096589147761;-1,088112081575819401;7
0,247781418884815030;-0,028663675823089884;6
0,542552866754265617;0,442566176805926526;2
1,584069877066509813;2,484631593194748245;1
0,066508206017924537;-0,216127183428989178;5
0,010560208606221382;-1,327123954878500767;7
0,144284221583761557;0,149021051231550072;0
0,314594927630465315;-0,360859104915972451;2
0,216507332255491763;0,172400437836888132;0
0,443439682272964986;-1,282146857325024314;9
0,563657332630143282;-1,079409888838596565;4
0,152973818164891640;-0,320573995448508120;2
2,634906659777719984;2,314163227432297187;1
0,116821061124370948;0,043489582439159846;0
0,165170869168691781;0,171281838727912861;0
-0,351002383870405554;-0,076692091416308492;2
0,229273501131034146;0,102560363511110836;4
0,132961296809363916;0,101566033286373161;5
-0,242071874350983929;-1,459740227467192231;7
0,198734565163659449;0,724620875513430462;6
0,070515700309993712;0,470793332300664891;6
-0,031105514347378897;-1,514054967833823317;7
0,110384385526234044;0,068226896475790416;5
-0,767554093528366455;0,272607294582243309;2
-0,103654986197323842;-1,614154150099454954;7
-0,230927272602016537;-0,353234543273366175;2
-0,212108272043113305;0,320922084672579599;8
-0,530225093835405170;0,019311386049443185;2
0,615808061235100790;-0,775700029172109895;7
0,151367319294879843;0,180010023213233922;0
0,097939546945210371;-1,463768052122673913;9
-0,169218121421336548;-1,299396545912197443;9
-0,215673289795651008;0,148361461474917439;2
-0,080978034142903832;-0,119411514880367178;8
-0,302556270126914495;0,365200191870437951;5
-0,004775594442399190;-1,307496413996676488;9
0,130963225055915261;-0,180918873814274850;7
2,503732012754944503;2,011975957939073023;1
0,722069220464473971;1,187057409662204632;8
-0,685510202666223201;0,119372220796178846;2
0,012448533688493961;-1,001759202661097747;4
0,365198285140296675;-1,326329972447346073;9
0,021915413138477235;-0,136464396357364820;3
0,210547073452037020;0,432793790046311411;6
0,262792652477109756;-0,338247107220532917;7
0,190921747229350069;0,363063014000501949;6
-0,052840455666606376;0,127818258895025516;5
-0,437289905500129472;-0,330054146248556390;8
0,492525478629647406;-0,634491577846108767;9
0,507077804669800014;-1,381252363377377446;9
0,223980682591672420;0,410544226090252817;3
0,076163441086955663;0,134351116351313249;3
0,048124756666038097;0,325318820444859547;3
0,187261313026152565;-0,125121088889265014;8
0,518936206941044365;-1,265538345992682112;9
1,319334369757106495;2,125560591649210629;1
2,747811917273576210;2,203337534112022489;1
0,097484857638218861;2,210290464364530028;1
0,171566335267477194;0,158455663956461573;0
-1,178116491372007912;0,247520201010221957;8
0,464972922480206552;-1,118861177039959243;9
0,513555223241889625;-1,259162133127819327;9
-2,573328184463189228;1,707388050508970023;1
-0,140729652095664404;0,262399440435463760;5
0,276135743426916935;-1,572147025466140935;7
-0,947783016330446926;-0,896304878839610630;4
-0,286346903261295027;-0,208251102967229013;8
0,069690590564915861;-0,555897761749678754;9
0,634884722002531876;-1,020683261036596123;9
0,619228044967198077;-1,290876057058206960;9
0,286839045940081860;-0,155715939396570552;5
-2,070859063315806825;1,982381361288163779;1
-2,147537125791868284;1,853284372121974277;1
0,109569163504111652;0,088767480694553827;0
-0,199400723165170213;0,267012577022475162;2
0,155828351481685473;-1,504887677311359528;9
0,081739315743663998;0,939702871903343451;6
-0,573900619173300375;0,644137021610771132;2
0,204480265726644211;0,449497677829903353;6
0,197816065046819645;0,181253365241441144;0
2,134929180411083927;2,442480080511592710;1
0,207293741345574045;0,054003879679496380;8
0,478635206502432187;-1,382310484509972071;4
-0,102250793297078271;0,325251373354743079;8
0,166481966680515014;0,102773880506887683;0
0,260574977862306933;-0,048451163913969343;5
-0,481190476444161686;0,122436766545280573;2
-2,576954995613657928;1,630858412828744886;1
3,704025647567268820;2,186446078898103274;1
0,319471449995078705;-1,445525456257323649;9
-0,231552158579927364;0,248751804958226436;2
-0,250000300315102009;0,365486651129271145;2
-0,637770144387759585;0,218772813038012548;8
0,003046566681936211;-1,349453893864002607;9
0,181036453974300682;0,036976411829133048;2
0,077052868689887102;-1,136710233356618138;4
0,838268688108793958;0,556300988966180077;6
-1,147203386250841062;0,423238425367257698;2
-2,743968876306745130;1,646286846934298609;1
0,783300346229177769;0,870194562496964030;5
-1,362034945660855589;0,699955467156423539;2
0,375633978783569578;0,269726008353718294;0
-0,568924163907423286;0,150126393187402535;8
-0,542094165679500750;-0,194938535707493393;9
0,152383867517141225;0,113703116367797355;0
0,162833523266162683;0,028077261267260709;0
-0,835230665762532576;0,201193179035219494;8
0,069081175584037063;0,277146204894780424;2
-0,556266250033020326;1,887624180204126922;1
0,415026136188693273;0,367543085288226767;3
0,202484482913388997;0,396054370370306108;6
3,414351845571764965;2,126679807450496451;1
0,009334067579301912;-1,282926032700095753;9
-0,045206801059943930;0,008432199225172975;3
0,142625722236397967;0,106508125104391657;5
2,576626073365837044;2,196893268455020642;1
-0,018781249431836865;0,014465564064062842;3
0,455492250445094948;-1,196173130858697142;7
-5,266872933520827083;-0,006165539046853494;1
-0,095393057635035569;0,234285710232145006;3
0,121884484750238553;0,683574508730922181;6
0,303369490416011078;-0,401951933056216570;5
0,409332912678824212;0,432378588440626987;3
0,072143068185028525;0,099197116431598412;5
0,615679260993099886;-1,149353767840111340;9
-0,790810774434389407;1,186887343359751767;7
0,388931948566312635;-1,338225366612030065;4
0,155869276124067674;-0,991380299794849762;9
0,018751278314038496;0,211647749808266117;8
0,536746899905310881;-1,151382542778452533;9
-0,191667907076203264;0,297623901273337987;2
-0,230076265263569751;-1,518542975668485395;7
1,859408504768339743;2,357272974271443999;1
-0,517971796917244931;-0,995640718691134907;4
-0,334050517123474888;0,333216352273464300;2
0,142589070053016631;0,470954312040642975;6
-0,089811027754452669;-1,553012342007294988;7
0,082094307113804374;0,276686215991087892;3
0,124495565466890848;0,645686291298888881;6
0,041813523263832364;0,146943816955288908;3
0,273483900792487133;0,718198541198563523;5
0,249950179585752358;-0,683719444005003063;4
-0,202159451838484411;0,271542230895525205;8
-0,019367063893013844;0,293536992379309525;3
0,628049385226543633;0,711286702430418805;5
-0,314750821197306463;0,557649240063809226;2
-1,715762001767745293;1,953661379925480945;1
0,065976912987711592;0,209539619359475515;2
-1,779587133451439263;0,002195584541686371;4
0,204469967894162830;0,143092230025564537;6
2,236503275308689531;2,002513217390192946;1
1,001168760032822513;-0,147645026130671986;7
0,161709085906544203;-0,412930061442460417;8
-0,171948014199825888;-1,633735457881763775;7
0,077352170264116824;-1,457386624181954193;9
0,064767777368796672;-1,659839735007256678;7
-0,197679779939133576;0,140601075329119196;2
0,366438148751422332;-1,564963885450938896;7
0,069695849491492198;0,171709669154816558;3
-0,041140419918608478;-1,621141837032056721;7
0,268332980113440367;-0,013265403952189088;6
0,278464466736606742;-1,552054047026802497;7
-0,330889744458387924;0,179808480977055402;2
0,101712770807852279;-1,569721854386180171;7
-0,635339484992890169;1,865104915675519281;1
0,422572585689661551;-1,280735868320861837;9
0,269187056012272274;-0,068036173309089357;5
-0,051579020521630374;-0,248562844651343151;3
-4,845946583188494472;0,511957538747979668;1
0,662398768318916642;-1,304414320690383100;9
0,453011531914238097;-1,172562141018049786;4
0,483086041191993831;-1,389300482274839821;7
0,129304710950459867;0,142089919395580827;0
-0,130692174960398644;-1,342102674818237418;9
0,174769695497968641;0,275646375899941509;5
0,423783033761116423;-1,535160639368128965;7
-0,117411872129879039;-0,154207730311303221;2
0,263059603899552297;0,173218433560170443;5
2,889592915758777192;2,137196743367095753;1
-0,145407784338877355;2,288934873613133192;1
0,068061839731357876;-1,449907257477603517;9
-0,381250595327567943;0,136968916758422571;2
-0,504165691725790843;-0,892393316261123837;4
-0,679954359333327263;0,187635835403117013;8
0,754946861592157625;0,620847900275028564;5
-5,015364197540622904;0,462927859260930386;1
0,539038150743835209;-1,132498575517141726;4
0,737056342055973146;-1,301751311584378845;9
-0,239384966108647818;0,083419019471523498;2
-0,127796759992829717;-1,563771930136687027;7
0,195166082865949747;0,130491128333916018;0
0,319529710506771536;0,451333398839986688;3
-5,015527830652112939;0,620531357152185770;1
0,094367800481004932;-1,356890471291290590;9
0,183743913897171041;0,046332891532048455;0
0,148090169074612754;-1,234355471584046127;4
0,709692180483495361;-0,465725274761986274;7
-0,514839273900349670;-0,702767164272544931;8
0,300252316623012494;-1,451024105028065225;9
-0,004688753176011836;-0,022021764049543670;0
0,665142832095072301;-1,146327413321939437;7
0,899754247842983301;0,621981118917025011;0
0,548882171084885795;-0,238814331716478562;7
0,140843262969959360;-1,648179067969937295;7
0,396313906312864506;-1,158120804945829363;4
0,152954181333283284;0,480484601638000386;6
-0,339901807091969488;0,208836848298838640;8
0,068423038390143257;0,208442773586660357;5
0,279162126562400581;0,479966378049784370;6
0,355163057615648647;-1,325849694410054624;9
0,294148040315710457;-1,425833375420767712;9
0,237740766056839331;-0,020420738412426621;6
0,445235139006410707;-1,298954516033015594;9
0,313752925670292893;-1,427388716548574799;9
0,083875549801828625;-0,096538046415058892;3
0,215036926972002884;-1,425607185605850313;9
-1,109714534255844987;1,657414312253646216;1
0,158853185098049798;0,298784745100920790;3
-2,091766095713412987;1,873499197191272003;1
0,125943657036573897;-1,100679217411021371;4
0,179001776633056803;0,349343731282470704;6
0,211703213555201636;0,292916821053295362;3
-1,404765162757879882;1,467603203655277522;1
0,168011403493902894;0,179444343922225802;0
0,184969056966494433;0,309774103043908733;6
0,379678317203748228;-1,248149769949662868;4
0,163562876879434299;0,191320952623051377;5
0,024344636792378326;-1,501376076017075345;7
0,100077306647005870;0,111341899192351448;0
0,511751186003886693;-1,254525944306505769;9
0,431017124479624147;-1,219788229256838052;4
0,512747169557859372;-0,118080404497627592;8
-3,673700768586346754;1,264688909473722145;1
0,239093400981008702;0,509792539450584226;6
0,193805413928752890;0,307652757158295598;6
0,033856561609157329;0,004460572731501711;5
0,929993823542691778;-0,546204452343248992;7
-0,448731554413802913;-1,165895105277194421;9
-0,162069509723633515;-0,036063403362633695;2
-1,184779806102817412;0,499152109507678965;2
0,498154865875725772;-1,136524941449670978;4
0,556323226976752960;-1,093335986098242563;4
-0,331710120778861028;-1,227750845633895915;7
0,175463132739032551;0,221375674001540845;0
0,151381335423383945;0,136648390611156967;5
-0,230932771341075344;-1,395561021286483294;7
0,356326352449396644;-1,008045159930470058;4
0,276900145215871030;-0,041764960315752907;0
0,366326052673054625;-0,458240001840044320;4
-0,512378371312435799;0,296899160732886802;2
0,301235870960996022;-0,242761433330131116;0
0,209659106591183808;0,155714712368401731;0
-2,056499875081776008;1,769014703321422965;1
-0,284946595702440741;0,068228898115842831;2
0,184944738545940818;-0,175718731156208147;5
-3,286573680824162125;1,414225726923883153;1
0,198366105472935178;0,089199421856917649;0
0,425743524061123146;-0,909912394304554950;7
0,426821805761281425;-1,333760228285860938;9
-0,857947137918973812;2,017330376081705179;2
0,237346785885096417;-1,186534854897602687;4
0,271160431384605272;-1,144348163432977739;9
0,077824251203856012;0,342137532077275819;3
-0,131243770443169316;-1,291357597597849072;7
-0,064350168126305354;-0,608043701148646587;8
-1,086121668507491478;-0,461652385517868191;7
0,315886686376671499;-0,593093963407308911;5
0,429000792089800354;-1,145684791987022111;4
-0,217285489991620229;0,543804609930010896;3
0,351622702685593591;0,491254073500837496;3
-0,593654475982489771;-0,260429433788886278;2
0,217330090263824077;0,267949595471927038;6
0,266209336110922068;0,161590186753442916;5
1,113017291520842056;2,067508299005002659;1
3,066424274642453707;2,202897711025297856;1
0,835164535079600423;-0,480188472760543827;4
0,261449584418828207;0,375720329385602847;5
-0,276639289187684989;0,018006808675488109;2
0,405281818913017344;-1,164189455833609887;4
-0,420119069802673051;0,712010828042726196;2
-0,255825313930717724;-0,980428029015819269;4
0,461953386555791934;-1,478505335812981158;7
0,161158342472938448;0,627977199557537280;6
0,076001595663641563;0,681148231346610511;2
0,180622665047403430;0,373700313984862031;6
0,246479941315249113;-0,047388193274445087;6
0,001828334255981287;0,064615772003710673;0
-2,156562243499033915;-0,225762272173142653;4
-0,013556369133860262;-1,239464023126133130;4
0,149835418150370020;0,352685070358816466;6
-0,822084105225694084;0,753507128332403187;2
0,547922535393909005;-1,374031931792705441;9
0,190027452534163754;0,379272976408248697;6
0,104134558011191883;0,350426541408401127;3
0,384063294676630085;1,020935931218365011;6
-0,565057093245925790;0,194891763068355428;8
-0,167689277064215742;-1,052333426201969235;9
-0,134765584369881924;-1,603088339008974739;7
-1,585272817119331767;-0,267931085375053557;7
-0,304194917910396823;0,292136959023624188;2
-0,636742241557971100;-0,895536769785891473;4
0,229621948407552373;0,093871675186272791;5
0,441122669768878761;0,370353986956836412;3
0,194683429521318396;0,325221938891629814;6
0,183634218975592484;0,111175972506041471;0
0,059075677011133358;-1,133470914212001635;4
-0,405151378175810373;0,468867847991157882;2
-0,040497464451159218;0,128301281736960621;3
0,181632252625576085;0,122270174618443278;0
0,424556365711763750;-1,520145020832469385;7
-0,243227139968874934;1,567558035175874220;2
0,213710283620362679;-1,118999575325110296;4
2,288306527458944029;2,277381788776651206;1
0,104190066477921922;0,153303508338008404;0
0,479882206619606344;-1,307734049748863425;7
0,321761715859073705;-1,449103047098869501;9
-0,568082387261916177;0,270127869845293689;8
0,154647964514995129;-1,333008005365051041;7
0,214066483912270650;-1,524999110262739155;7
0,121007829264834207;0,203479506457130310;5
-0,620316390565105125;0,386894006233022947;2
0,291207933082073822;-1,466755963065569324;9
-1,514567114449012708;1,993947902670015093;1
0,209692283915719702;0,173492337927800805;0
0,058914607850333499;0,043415751152408803;0
-0,104431811722737342;-0,189732952079645328;4
0,014163656641490295;0,204059563875852307;3
-2,217854875393447944;1,616500721556037634;1
0,072426841065528630;0,139907049785899767;0
3,175924340593715200;2,082923471252386971;1
-0,082789804072295192;0,104338907628791402;3
0,683473942380037558;-0,976935448388847494;4
0,120339878464932257;0,568555534598738865;6
0,498864619013672572;0,264435915159516088;6
-0,360616211483489046;0,191479425675337572;2
0,402770118550028478;-1,352600699238947435;9
2,428426668305588176;2,083105403172026637;1
-0,077892764834044115;-1,367863093400877528;7
-0,139400946714268087;0,016556899597216814;5
0,465770841138056835;1,156198055913914668;6
0,408819995758901933;0,647080484100291953;2
0,241688332476096529;-1,398676777889151568;9
0,167040143916709405;0,150700240133743141;5
1,596453498490149947;1,665882712048665226;5
-0,372705326425994021;-1,258906518109709660;9
0,035362174579650074;0,286845586546512321;8
0,236529424307533626;0,216790209564682035;0
0,420849143670595782;-0,997619889824145401;9
-0,306883116245381504;0,306727280676324376;2
0,832195150977728115;-0,394709382358683358;7
0,039668864226265060;-1,159789871530946925;4
0,040365602038758802;-1,734944142868816819;7
-0,080438126538886823;0,140578770539794617;3
0,050211518766327665;0,336493306197143960;2
0,231452196702230023;0,271695848236801707;5
0,146845529076143066;0,136625112979994995;0
0,084682629450489350;-1,394666908428378260;9
0,526007641351405097;0,899880580813313680;2
0,500740716453512258;0,183337939215375861;3
0,712907625897356456;-0,847788586787390663;4
0,047712371495269523;-0,069674119438682292;5
-0,180553104109101858;-1,555773969156768910;7
0,359626015155001311;-0,772215545449186247;4
0,141575275547889901;0,123444727784047026;0
0,111257254394965921;-0,203712104211002554;8
0,647900990890851958;-1,101382650020553466;9
2,767756942960578392;2,176315379566688524;1
0,130417470172316696;0,154590387005682589;5
-0,375495288737945077;0,011652623588283076;2
0,105211439872774204;-1,497808389007349694;7
-0,174080519137675471;-0,191355644443514439;3
0,352155277829178714;0,267793886227603140;0
-0,155847198465733611;-0,955692009540358489;4
-0,287962692689437250;0,174570215799460360;2
0,537157993439392412;-1,085219476112848858;9
0,223583207111908183;0,299372393566002537;5
-0,657312446091329106;2,096567517852490514;1
-0,304060373613305068;0,178809446536770444;3
0,256066011791797554;-1,142451623552453555;4
-4,417424525930289114;0,841114769412992458;1
0,381096018739081943;0,385278502353078756;3
0,337999501195280105;-1,009959367207289738;4
-1,757259509289792021;1,903434713946446033;1
0,279107069654474793;-1,441157079126687002;9
-0,613961954991984915;0,139455585052390058;2
-0,049856211685503693;0,158876335471241803;0
-0,442390915221990089;2,171228990250077651;1
-0,355739031782905724;0,317941456315292803;2
1,236677763255507490;0,681354295351196848;5
0,181217295950580282;0,239600568931772756;5
0,378227002075630481;-1,488660109634265316;7
0,120239538631114584;0,175659808723728883;0
-0,174732135256175425;0,256190068959494810;3
-0,399383660638364113;0,452692133319506529;6
-0,077350360880673513;-0,911095282848894628;4
-0,149507336059390594;-0,627351305317238706;8
0,265917156574923486;0,449247811343060965;6
-0,014638119342316356;0,528845673339099931;6
0,008543649324558391;0,168064540165494353;5
0,705170659024992430;-0,327348016842884670;4
0,057300235763274587;-1,087735262846425410;9
-0,936843274415445904;-0,806025573141187723;9
1,622751314001558365;1,973125655316550819;1
-0,469604313024615139;0,157736388193974258;8
0,030471468376320976;0,173029675299864599;3
2,995586702586623407;2,276988500842969554;1
-0,135525192124042793;0,486249561411912667;6
0,739711124259606723;1,962904311317575257;1
0,214497368821585904;0,119043626415186385;6
-0,429579062668536182;-0,174159357696451023;2
-1,181606759744122215;-0,181458091710486380;4
-2,043359536509874896;0,331355994912438057;8
3,298089453721383180;2,224414779328560687;1
-0,484897016885040943;-0,226754769469939860;8
0,125222692466996133;0,066875427189035080;0
0,909893092486709243;-0,000881261471303783;7
-2,485274025058530789;-0,167121797032539987;4
0,239258718295612849;-1,701297981255457836;7
0,133402813280485893;0,215049432269207447;6
-0,945936974478101877;1,867542040281174653;1
-0,011578994151515731;0,187134395548995469;3
-0,012358105926976995;-1,240808573271408033;4
0,284324779349417633;-1,247879319932255759;4
0,126437149085247558;0,166900617187387218;5
-0,143672796891267496;0,205348712383597642;0
-0,452945556925343717;0,198378361208072312;3
2,424628158636376707;2,177829776976463183;1
0,113968807764842250;0,150507112047091662;3
0,154988365393707944;0,128994429420495132;0
0,289734342688110491;-1,446563331463825763;9
0,096677265855478353;-0,008844776106434986;0
0,228054164752678590;0,075767176065180603;6
-0,475596786484958844;-1,226645911074846884;9
0,142810910640622901;0,156331274290279348;0
1,133784654845649387;-0,231062020604589163;4
0,167757249465799257;0,151611323861584130;5
-1,392392265919061067;0,199875825323154704;8
0,950172592779621072;1,474634100219447630;8
0,102958575026142515;0,261267675811412747;5
0,173111424344639886;-1,231299035737074998;4
-0,180905797460012646;0,611375083871650404;2
